"feature"	"metadata"	"effect_size"	"pval"	"qval"	"associations"
"D_0__Bacteria.D_1__Actinobacteria.D_2__Actinobacteria.D_3__Bifidobacteriales.D_4__Bifidobacteriaceae.D_5__Bifidobacterium"	"Day"	1.05102284491975	0.0640309687004053	0.215376894719545	"abundance"
"D_0__Bacteria.D_1__Actinobacteria.D_2__Actinobacteria.D_3__Bifidobacteriales.D_4__Bifidobacteriaceae.D_5__Bifidobacterium"	"DietKeto"	7.80344580100903	0.0226833477444167	0.0987392784168727	"abundance"
"D_0__Bacteria.D_1__Actinobacteria.D_2__Coriobacteriia.D_3__Coriobacteriales.D_4__Eggerthellaceae.__"	"Day"	-0.752248251730118	0.273435095626271	0.564416454712731	"abundance"
"D_0__Bacteria.D_1__Actinobacteria.D_2__Coriobacteriia.D_3__Coriobacteriales.D_4__Eggerthellaceae.__"	"DietKeto"	-1.61927467126326	0.571716407272456	0.788928155984798	"abundance"
"D_0__Bacteria.D_1__Actinobacteria.D_2__Coriobacteriia.D_3__Coriobacteriales.D_4__Eggerthellaceae.D_5__Enterorhabdus"	"Day"	-0.205368202024864	0.184646316646	0.414055376721334	"abundance"
"D_0__Bacteria.D_1__Actinobacteria.D_2__Coriobacteriia.D_3__Coriobacteriales.D_4__Eggerthellaceae.D_5__Enterorhabdus"	"DietKeto"	0.549498611917107	0.522609429550077	0.784034977911841	"abundance"
"D_0__Bacteria.D_1__Actinobacteria.D_2__Coriobacteriia.D_3__Coriobacteriales.D_4__Eggerthellaceae.D_5__Gordonibacter"	"Day"	-1.09508757115863	0.0978622300214105	0.258635893628014	"abundance"
"D_0__Bacteria.D_1__Actinobacteria.D_2__Coriobacteriia.D_3__Coriobacteriales.D_4__Eggerthellaceae.D_5__Gordonibacter"	"DietKeto"	-2.12691131646926	0.478943441050013	0.759467456522163	"abundance"
"D_0__Bacteria.D_1__Actinobacteria.D_2__Coriobacteriia.D_3__Coriobacteriales.D_4__Eggerthellaceae.D_5__Parvibacter"	"Day"	-0.156581595932425	0.649922662106197	0.788928155984798	"abundance"
"D_0__Bacteria.D_1__Actinobacteria.D_2__Coriobacteriia.D_3__Coriobacteriales.D_4__Eggerthellaceae.D_5__Parvibacter"	"DietKeto"	-1.21945768794804	0.615716847639005	0.788928155984798	"abundance"
"D_0__Bacteria.D_1__Bacteroidetes.D_2__Bacteroidia.D_3__Bacteroidales.D_4__Bacteroidaceae.D_5__Bacteroides"	"Day"	0.0547294378051265	0.675449041022624	0.788928155984798	"abundance"
"D_0__Bacteria.D_1__Bacteroidetes.D_2__Bacteroidia.D_3__Bacteroidales.D_4__Bacteroidaceae.D_5__Bacteroides"	"DietKeto"	-1.70317600649764	0.0268820282182307	0.1147655820086	"abundance"
"D_0__Bacteria.D_1__Bacteroidetes.D_2__Bacteroidia.D_3__Bacteroidales.D_4__Marinifilaceae.D_5__Butyricimonas"	"Day"	0.0675733608253588	0.704789299272968	0.788928155984798	"abundance"
"D_0__Bacteria.D_1__Bacteroidetes.D_2__Bacteroidia.D_3__Bacteroidales.D_4__Marinifilaceae.D_5__Butyricimonas"	"DietKeto"	-3.05032661269589	0.00444595647883817	0.0274167316195021	"abundance"
"D_0__Bacteria.D_1__Bacteroidetes.D_2__Bacteroidia.D_3__Bacteroidales.D_4__Muribaculaceae.__"	"Day"	-1.58348364796678	0.000228806860132994	0.0026734275236592	"abundance"
"D_0__Bacteria.D_1__Bacteroidetes.D_2__Bacteroidia.D_3__Bacteroidales.D_4__Muribaculaceae.__"	"DietKeto"	1.90408859599211	0.439237164522655	0.745613965994958	"abundance"
"D_0__Bacteria.D_1__Bacteroidetes.D_2__Bacteroidia.D_3__Bacteroidales.D_4__Muribaculaceae.D_5__Gram.negative.bacterium.cTPY.13"	"Day"	-2.9733690526795	0.00000124461069413682	0.0000460505956830625	"abundance"
"D_0__Bacteria.D_1__Bacteroidetes.D_2__Bacteroidia.D_3__Bacteroidales.D_4__Muribaculaceae.D_5__Gram.negative.bacterium.cTPY.13"	"DietKeto"	-4.23734583056581	0.152223376566586	0.359506272316832	"abundance"
"D_0__Bacteria.D_1__Bacteroidetes.D_2__Bacteroidia.D_3__Bacteroidales.D_4__Muribaculaceae.D_5__uncultured.bacterium"	"Day"	-0.870102555179977	0.000000371134518230634	0.0000182684197945521	"abundance"
"D_0__Bacteria.D_1__Bacteroidetes.D_2__Bacteroidia.D_3__Bacteroidales.D_4__Muribaculaceae.D_5__uncultured.bacterium"	"DietKeto"	-2.4352614454697	0.00361594773552743	0.0243254665844573	"abundance"
"D_0__Bacteria.D_1__Bacteroidetes.D_2__Bacteroidia.D_3__Bacteroidales.D_4__Muribaculaceae.D_5__uncultured.Bacteroidales.bacterium"	"Day"	-1.45899218583558	5.31364520092725e-10	0.0000000589814617302925	"abundance"
"D_0__Bacteria.D_1__Bacteroidetes.D_2__Bacteroidia.D_3__Bacteroidales.D_4__Muribaculaceae.D_5__uncultured.Bacteroidales.bacterium"	"DietKeto"	0.877761876919105	0.371789550276649	0.676535083290295	"abundance"
"D_0__Bacteria.D_1__Bacteroidetes.D_2__Bacteroidia.D_3__Bacteroidales.D_4__Prevotellaceae.D_5__Prevotellaceae.UCG.001"	"Day"	-3.67361920602012	0.0000000482211842400826	0.00000356836763376611	"abundance"
"D_0__Bacteria.D_1__Bacteroidetes.D_2__Bacteroidia.D_3__Bacteroidales.D_4__Prevotellaceae.D_5__Prevotellaceae.UCG.001"	"DietKeto"	-3.99012699411632	0.162654539679021	0.376138623007735	"abundance"
"D_0__Bacteria.D_1__Bacteroidetes.D_2__Bacteroidia.D_3__Bacteroidales.D_4__Rikenellaceae.D_5__Alistipes"	"Day"	-0.523069460878851	0.00269686405362564	0.0193884334956253	"abundance"
"D_0__Bacteria.D_1__Bacteroidetes.D_2__Bacteroidia.D_3__Bacteroidales.D_4__Rikenellaceae.D_5__Alistipes"	"DietKeto"	-2.72716802749362	0.00534695313670325	0.0320817188202195	"abundance"
"D_0__Bacteria.D_1__Bacteroidetes.D_2__Bacteroidia.D_3__Bacteroidales.D_4__Tannerellaceae.D_5__Parabacteroides"	"Day"	0.0862660612632224	0.789305513816381	0.82265645101989	"abundance"
"D_0__Bacteria.D_1__Bacteroidetes.D_2__Bacteroidia.D_3__Bacteroidales.D_4__Tannerellaceae.D_5__Parabacteroides"	"DietKeto"	-3.4645503530881	0.0660760775775882	0.215718959150362	"abundance"
"D_0__Bacteria.D_1__Cyanobacteria.D_2__Melainabacteria.D_3__Gastranaerophilales.__.__"	"Day"	-3.17945611846409	0.000011092493748888	0.000246253361225314	"abundance"
"D_0__Bacteria.D_1__Cyanobacteria.D_2__Melainabacteria.D_3__Gastranaerophilales.__.__"	"DietKeto"	-5.01842568030052	0.154853608133428	0.361868431638117	"abundance"
"D_0__Bacteria.D_1__Cyanobacteria.D_2__Melainabacteria.D_3__Gastranaerophilales.D_4__uncultured.bacterium.D_5__uncultured.bacterium"	"Day"	-2.40425887653112	0.00110601751520416	0.00944368801443553	"abundance"
"D_0__Bacteria.D_1__Cyanobacteria.D_2__Melainabacteria.D_3__Gastranaerophilales.D_4__uncultured.bacterium.D_5__uncultured.bacterium"	"DietKeto"	-3.52009787057588	0.3546411361711	0.651211661682756	"abundance"
"D_0__Bacteria.D_1__Deferribacteres.D_2__Deferribacteres.D_3__Deferribacterales.D_4__Deferribacteraceae.D_5__Mucispirillum"	"Day"	-1.28029288194849	0.00879848567496011	0.047427609999845	"abundance"
"D_0__Bacteria.D_1__Deferribacteres.D_2__Deferribacteres.D_3__Deferribacterales.D_4__Deferribacteraceae.D_5__Mucispirillum"	"DietKeto"	-5.84830674913785	0.029283210398661	0.12038653163894	"abundance"
"D_0__Bacteria.D_1__Firmicutes.D_2__Bacilli.D_3__Bacillales.D_4__Staphylococcaceae.D_5__Staphylococcus"	"Day"	-0.428588231573646	0.4447116660803	0.745613965994958	"abundance"
"D_0__Bacteria.D_1__Firmicutes.D_2__Bacilli.D_3__Bacillales.D_4__Staphylococcaceae.D_5__Staphylococcus"	"DietKeto"	-1.19884007901831	0.579829529878566	0.788928155984798	"abundance"
"D_0__Bacteria.D_1__Firmicutes.D_2__Bacilli.D_3__Lactobacillales.D_4__Enterococcaceae.D_5__Enterococcus"	"Day"	0.621666282364297	0.354939689475737	0.651211661682756	"abundance"
"D_0__Bacteria.D_1__Firmicutes.D_2__Bacilli.D_3__Lactobacillales.D_4__Enterococcaceae.D_5__Enterococcus"	"DietKeto"	-5.25463233122975	0.13618846609572	0.332239994211537	"abundance"
"D_0__Bacteria.D_1__Firmicutes.D_2__Bacilli.D_3__Lactobacillales.D_4__Lactobacillaceae.D_5__Lactobacillus"	"Day"	-0.88078652404483	0.000324811772502702	0.00343372445217142	"abundance"
"D_0__Bacteria.D_1__Firmicutes.D_2__Bacilli.D_3__Lactobacillales.D_4__Lactobacillaceae.D_5__Lactobacillus"	"DietKeto"	-2.5076530357907	0.0520228004657124	0.186275188764325	"abundance"
"D_0__Bacteria.D_1__Firmicutes.D_2__Bacilli.D_3__Lactobacillales.D_4__Leuconostocaceae.D_5__Weissella"	"Day"	-0.390147990364413	0.476871406700711	0.759467456522163	"abundance"
"D_0__Bacteria.D_1__Firmicutes.D_2__Bacilli.D_3__Lactobacillales.D_4__Leuconostocaceae.D_5__Weissella"	"DietKeto"	-1.45922074001807	0.583885020426108	0.788928155984798	"abundance"
"D_0__Bacteria.D_1__Firmicutes.D_2__Bacilli.D_3__Lactobacillales.D_4__Streptococcaceae.D_5__Lactococcus"	"Day"	3.49642534393725	0.000000411450896273697	0.0000182684197945521	"abundance"
"D_0__Bacteria.D_1__Firmicutes.D_2__Bacilli.D_3__Lactobacillales.D_4__Streptococcaceae.D_5__Lactococcus"	"DietKeto"	-1.86906852129515	0.548160067329998	0.788928155984798	"abundance"
"D_0__Bacteria.D_1__Firmicutes.D_2__Bacilli.D_3__Lactobacillales.D_4__Streptococcaceae.D_5__Streptococcus"	"Day"	-0.151357435988193	0.673255483095851	0.788928155984798	"abundance"
"D_0__Bacteria.D_1__Firmicutes.D_2__Bacilli.D_3__Lactobacillales.D_4__Streptococcaceae.D_5__Streptococcus"	"DietKeto"	-1.36477670103965	0.60769771022517	0.788928155984798	"abundance"
"D_0__Bacteria.D_1__Firmicutes.D_2__Clostridia.D_3__Clostridiales.__.__"	"Day"	-0.659734719465712	0.327503174913323	0.621416280604767	"abundance"
"D_0__Bacteria.D_1__Firmicutes.D_2__Clostridia.D_3__Clostridiales.__.__"	"DietKeto"	-1.49042358488188	0.60732315907027	0.788928155984798	"abundance"
"D_0__Bacteria.D_1__Firmicutes.D_2__Clostridia.D_3__Clostridiales.D_4__Christensenellaceae.__"	"Day"	-0.745336692039714	0.240991846592866	0.514424903304002	"abundance"
"D_0__Bacteria.D_1__Firmicutes.D_2__Clostridia.D_3__Clostridiales.D_4__Christensenellaceae.__"	"DietKeto"	-1.76951209509759	0.522689985274561	0.784034977911841	"abundance"
"D_0__Bacteria.D_1__Firmicutes.D_2__Clostridia.D_3__Clostridiales.D_4__Christensenellaceae.D_5__Christensenellaceae.R.7.group"	"Day"	-2.38496919788442	0.000110772592291865	0.00153696971804963	"abundance"
"D_0__Bacteria.D_1__Firmicutes.D_2__Clostridia.D_3__Clostridiales.D_4__Christensenellaceae.D_5__Christensenellaceae.R.7.group"	"DietKeto"	-0.910250845028793	0.626709874307301	0.788928155984798	"abundance"
"D_0__Bacteria.D_1__Firmicutes.D_2__Clostridia.D_3__Clostridiales.D_4__Christensenellaceae.D_5__uncultured"	"Day"	-0.31186533731546	0.472805630097528	0.759467456522163	"abundance"
"D_0__Bacteria.D_1__Firmicutes.D_2__Clostridia.D_3__Clostridiales.D_4__Christensenellaceae.D_5__uncultured"	"DietKeto"	-6.98976356360982	0.0139035093006793	0.0670995448858873	"abundance"
"D_0__Bacteria.D_1__Firmicutes.D_2__Clostridia.D_3__Clostridiales.D_4__Clostridiaceae.1.D_5__Candidatus.Arthromitus"	"Day"	-3.14408392191881	0.0000220171463715321	0.00037598511496001	"abundance"
"D_0__Bacteria.D_1__Firmicutes.D_2__Clostridia.D_3__Clostridiales.D_4__Clostridiaceae.1.D_5__Candidatus.Arthromitus"	"DietKeto"	-1.49840333655274	0.645316555840043	0.788928155984798	"abundance"
"D_0__Bacteria.D_1__Firmicutes.D_2__Clostridia.D_3__Clostridiales.D_4__Clostridiaceae.1.D_5__Clostridium.sensu.stricto.1"	"Day"	-1.05849260292581	0.122600423840034	0.309287432869177	"abundance"
"D_0__Bacteria.D_1__Firmicutes.D_2__Clostridia.D_3__Clostridiales.D_4__Clostridiaceae.1.D_5__Clostridium.sensu.stricto.1"	"DietKeto"	-0.639824533601451	0.720996050606034	0.788928155984798	"abundance"
"D_0__Bacteria.D_1__Firmicutes.D_2__Clostridia.D_3__Clostridiales.D_4__Clostridiales.vadinBB60.group.__"	"Day"	-0.8987655303366	0.199361710817462	0.442582998014765	"abundance"
"D_0__Bacteria.D_1__Firmicutes.D_2__Clostridia.D_3__Clostridiales.D_4__Clostridiales.vadinBB60.group.__"	"DietKeto"	-1.1109163804266	0.626621647874568	0.788928155984798	"abundance"
"D_0__Bacteria.D_1__Firmicutes.D_2__Clostridia.D_3__Clostridiales.D_4__Clostridiales.vadinBB60.group.D_5__uncultured.bacterium"	"Day"	-1.67000665282747	0.00296896741552699	0.0205972114452185	"abundance"
"D_0__Bacteria.D_1__Firmicutes.D_2__Clostridia.D_3__Clostridiales.D_4__Clostridiales.vadinBB60.group.D_5__uncultured.bacterium"	"DietKeto"	-4.93235636301786	0.0830953461642957	0.245087526234467	"abundance"
"D_0__Bacteria.D_1__Firmicutes.D_2__Clostridia.D_3__Clostridiales.D_4__Clostridiales.vadinBB60.group.D_5__uncultured.Clostridia.bacterium"	"Day"	-0.544449780286951	0.406562441373062	0.716324301466824	"abundance"
"D_0__Bacteria.D_1__Firmicutes.D_2__Clostridia.D_3__Clostridiales.D_4__Clostridiales.vadinBB60.group.D_5__uncultured.Clostridia.bacterium"	"DietKeto"	-0.159611092304681	0.735412333710717	0.788928155984798	"abundance"
"D_0__Bacteria.D_1__Firmicutes.D_2__Clostridia.D_3__Clostridiales.D_4__Clostridiales.vadinBB60.group.D_5__uncultured.Clostridiales.bacterium"	"Day"	-0.767442726746768	0.27517918526791	0.564416454712731	"abundance"
"D_0__Bacteria.D_1__Firmicutes.D_2__Clostridia.D_3__Clostridiales.D_4__Clostridiales.vadinBB60.group.D_5__uncultured.Clostridiales.bacterium"	"DietKeto"	-1.71362744513018	0.559141820983693	0.788928155984798	"abundance"
"D_0__Bacteria.D_1__Firmicutes.D_2__Clostridia.D_3__Clostridiales.D_4__Eubacteriaceae.D_5__Anaerofustis"	"Day"	-1.26965722398729	0.0596476593255136	0.203719698004062	"abundance"
"D_0__Bacteria.D_1__Firmicutes.D_2__Clostridia.D_3__Clostridiales.D_4__Eubacteriaceae.D_5__Anaerofustis"	"DietKeto"	-3.99749143074275	0.261697840668289	0.548084156871323	"abundance"
"D_0__Bacteria.D_1__Firmicutes.D_2__Clostridia.D_3__Clostridiales.D_4__Family.XIII.D_5__.Eubacterium..brachy.group"	"Day"	-1.10632364236847	0.10323761675628	0.269632363763462	"abundance"
"D_0__Bacteria.D_1__Firmicutes.D_2__Clostridia.D_3__Clostridiales.D_4__Family.XIII.D_5__.Eubacterium..brachy.group"	"DietKeto"	-1.11597330730043	0.663145388741939	0.788928155984798	"abundance"
"D_0__Bacteria.D_1__Firmicutes.D_2__Clostridia.D_3__Clostridiales.D_4__Family.XIII.D_5__.Eubacterium..nodatum.group"	"Day"	-1.74065718384206	0.0192069248946136	0.086226353882867	"abundance"
"D_0__Bacteria.D_1__Firmicutes.D_2__Clostridia.D_3__Clostridiales.D_4__Family.XIII.D_5__.Eubacterium..nodatum.group"	"DietKeto"	-1.12139457838555	0.645756625114856	0.788928155984798	"abundance"
"D_0__Bacteria.D_1__Firmicutes.D_2__Clostridia.D_3__Clostridiales.D_4__Family.XIII.D_5__Anaerovorax"	"Day"	-0.27596946992159	0.586182822683347	0.788928155984798	"abundance"
"D_0__Bacteria.D_1__Firmicutes.D_2__Clostridia.D_3__Clostridiales.D_4__Family.XIII.D_5__Anaerovorax"	"DietKeto"	-1.1960230727562	0.595161263958227	0.788928155984798	"abundance"
"D_0__Bacteria.D_1__Firmicutes.D_2__Clostridia.D_3__Clostridiales.D_4__Family.XIII.D_5__Family.XIII.AD3011.group"	"Day"	-1.22654645854919	0.079283792471907	0.241109615462512	"abundance"
"D_0__Bacteria.D_1__Firmicutes.D_2__Clostridia.D_3__Clostridiales.D_4__Family.XIII.D_5__Family.XIII.AD3011.group"	"DietKeto"	-0.411589115504861	0.716766391545556	0.788928155984798	"abundance"
"D_0__Bacteria.D_1__Firmicutes.D_2__Clostridia.D_3__Clostridiales.D_4__Family.XIII.D_5__Family.XIII.UCG.001"	"Day"	-1.1910563972959	0.0830552478587834	0.245087526234467	"abundance"
"D_0__Bacteria.D_1__Firmicutes.D_2__Clostridia.D_3__Clostridiales.D_4__Family.XIII.D_5__Family.XIII.UCG.001"	"DietKeto"	-0.981250929791494	0.70774570952806	0.788928155984798	"abundance"
"D_0__Bacteria.D_1__Firmicutes.D_2__Clostridia.D_3__Clostridiales.D_4__Lachnospiraceae.__"	"Day"	-0.884663229772135	0.00393513029245391	0.0249599692835648	"abundance"
"D_0__Bacteria.D_1__Firmicutes.D_2__Clostridia.D_3__Clostridiales.D_4__Lachnospiraceae.__"	"DietKeto"	0.402469857116008	0.804753975452907	0.825388333921478	"abundance"
"D_0__Bacteria.D_1__Firmicutes.D_2__Clostridia.D_3__Clostridiales.D_4__Lachnospiraceae.D_5__.Eubacterium..ventriosum.group"	"Day"	-1.43008053192409	0.0492910110267016	0.1829823627201	"abundance"
"D_0__Bacteria.D_1__Firmicutes.D_2__Clostridia.D_3__Clostridiales.D_4__Lachnospiraceae.D_5__.Eubacterium..ventriosum.group"	"DietKeto"	-0.638349098870212	0.688471489740015	0.788928155984798	"abundance"
"D_0__Bacteria.D_1__Firmicutes.D_2__Clostridia.D_3__Clostridiales.D_4__Lachnospiraceae.D_5__.Eubacterium..xylanophilum.group"	"Day"	-2.1005390330935	0.000428484644013233	0.00432379958958808	"abundance"
"D_0__Bacteria.D_1__Firmicutes.D_2__Clostridia.D_3__Clostridiales.D_4__Lachnospiraceae.D_5__.Eubacterium..xylanophilum.group"	"DietKeto"	0.192376278855026	0.826965622462184	0.834483491757294	"abundance"
"D_0__Bacteria.D_1__Firmicutes.D_2__Clostridia.D_3__Clostridiales.D_4__Lachnospiraceae.D_5__.Ruminococcus..torques.group"	"Day"	-0.0826696392093623	0.690734837499373	0.788928155984798	"abundance"
"D_0__Bacteria.D_1__Firmicutes.D_2__Clostridia.D_3__Clostridiales.D_4__Lachnospiraceae.D_5__.Ruminococcus..torques.group"	"DietKeto"	-1.35065963269606	0.5787441472187	0.788928155984798	"abundance"
"D_0__Bacteria.D_1__Firmicutes.D_2__Clostridia.D_3__Clostridiales.D_4__Lachnospiraceae.D_5__A2"	"Day"	-0.250685286399494	0.440241284082197	0.745613965994958	"abundance"
"D_0__Bacteria.D_1__Firmicutes.D_2__Clostridia.D_3__Clostridiales.D_4__Lachnospiraceae.D_5__A2"	"DietKeto"	-4.4684873391786	0.0194203499736187	0.086226353882867	"abundance"
"D_0__Bacteria.D_1__Firmicutes.D_2__Clostridia.D_3__Clostridiales.D_4__Lachnospiraceae.D_5__Acetatifactor"	"Day"	-0.412636096243547	0.48906518313536	0.759510649473954	"abundance"
"D_0__Bacteria.D_1__Firmicutes.D_2__Clostridia.D_3__Clostridiales.D_4__Lachnospiraceae.D_5__Acetatifactor"	"DietKeto"	-0.74648845029315	0.805660257724683	0.825388333921478	"abundance"
"D_0__Bacteria.D_1__Firmicutes.D_2__Clostridia.D_3__Clostridiales.D_4__Lachnospiraceae.D_5__Acetitomaculum"	"Day"	-0.89335907509202	0.210425933147412	0.462520367908173	"abundance"
"D_0__Bacteria.D_1__Firmicutes.D_2__Clostridia.D_3__Clostridiales.D_4__Lachnospiraceae.D_5__Acetitomaculum"	"DietKeto"	1.76057690652763	0.595288236633018	0.788928155984798	"abundance"
"D_0__Bacteria.D_1__Firmicutes.D_2__Clostridia.D_3__Clostridiales.D_4__Lachnospiraceae.D_5__ASF356"	"Day"	-3.23462479396023	0.0000199783253043602	0.00037598511496001	"abundance"
"D_0__Bacteria.D_1__Firmicutes.D_2__Clostridia.D_3__Clostridiales.D_4__Lachnospiraceae.D_5__ASF356"	"DietKeto"	-6.97854525140707	0.0502789375041716	0.1829823627201	"abundance"
"D_0__Bacteria.D_1__Firmicutes.D_2__Clostridia.D_3__Clostridiales.D_4__Lachnospiraceae.D_5__Blautia"	"Day"	-0.530948922540332	0.0928701922920241	0.251429057180846	"abundance"
"D_0__Bacteria.D_1__Firmicutes.D_2__Clostridia.D_3__Clostridiales.D_4__Lachnospiraceae.D_5__Blautia"	"DietKeto"	2.63610863409803	0.144099824653887	0.343980226593149	"abundance"
"D_0__Bacteria.D_1__Firmicutes.D_2__Clostridia.D_3__Clostridiales.D_4__Lachnospiraceae.D_5__Butyrivibrio"	"Day"	-0.271851061202975	0.588895007815371	0.788928155984798	"abundance"
"D_0__Bacteria.D_1__Firmicutes.D_2__Clostridia.D_3__Clostridiales.D_4__Lachnospiraceae.D_5__Butyrivibrio"	"DietKeto"	-1.01279159503904	0.65000696464525	0.788928155984798	"abundance"
"D_0__Bacteria.D_1__Firmicutes.D_2__Clostridia.D_3__Clostridiales.D_4__Lachnospiraceae.D_5__Dorea"	"Day"	-0.751390247477354	0.239632311631682	0.514424903304002	"abundance"
"D_0__Bacteria.D_1__Firmicutes.D_2__Clostridia.D_3__Clostridiales.D_4__Lachnospiraceae.D_5__Dorea"	"DietKeto"	0.127060769693426	0.840177845570382	0.840177845570382	"abundance"
"D_0__Bacteria.D_1__Firmicutes.D_2__Clostridia.D_3__Clostridiales.D_4__Lachnospiraceae.D_5__GCA.900066575"	"Day"	0.0981808780322887	0.811408560001396	0.825388333921478	"abundance"
"D_0__Bacteria.D_1__Firmicutes.D_2__Clostridia.D_3__Clostridiales.D_4__Lachnospiraceae.D_5__GCA.900066575"	"DietKeto"	0.668083385730942	0.814234437517134	0.825388333921478	"abundance"
"D_0__Bacteria.D_1__Firmicutes.D_2__Clostridia.D_3__Clostridiales.D_4__Lachnospiraceae.D_5__Lachnoclostridium"	"Day"	-1.67724024311278	0.0000623039389989321	0.00098796246126878	"abundance"
"D_0__Bacteria.D_1__Firmicutes.D_2__Clostridia.D_3__Clostridiales.D_4__Lachnospiraceae.D_5__Lachnoclostridium"	"DietKeto"	-3.57883412980166	0.0861549109687885	0.248394678377546	"abundance"
"D_0__Bacteria.D_1__Firmicutes.D_2__Clostridia.D_3__Clostridiales.D_4__Lachnospiraceae.D_5__Lachnospiraceae.FCS020.group"	"Day"	-1.78143536705845	0.00374125245139919	0.0244281777709006	"abundance"
"D_0__Bacteria.D_1__Firmicutes.D_2__Clostridia.D_3__Clostridiales.D_4__Lachnospiraceae.D_5__Lachnospiraceae.FCS020.group"	"DietKeto"	-8.15689776460431	0.0114556810451766	0.0577991180006638	"abundance"
"D_0__Bacteria.D_1__Firmicutes.D_2__Clostridia.D_3__Clostridiales.D_4__Lachnospiraceae.D_5__Lachnospiraceae.NK4A136.group"	"Day"	-1.31418531102652	0.00021903031053081	0.0026734275236592	"abundance"
"D_0__Bacteria.D_1__Firmicutes.D_2__Clostridia.D_3__Clostridiales.D_4__Lachnospiraceae.D_5__Lachnospiraceae.NK4A136.group"	"DietKeto"	-0.737988875164082	0.682784852789562	0.788928155984798	"abundance"
"D_0__Bacteria.D_1__Firmicutes.D_2__Clostridia.D_3__Clostridiales.D_4__Lachnospiraceae.D_5__Lachnospiraceae.UCG.001"	"Day"	-2.91130953619752	0.000263227690755726	0.00292182736738856	"abundance"
"D_0__Bacteria.D_1__Firmicutes.D_2__Clostridia.D_3__Clostridiales.D_4__Lachnospiraceae.D_5__Lachnospiraceae.UCG.001"	"DietKeto"	2.89908904707182	0.478417906702706	0.759467456522163	"abundance"
"D_0__Bacteria.D_1__Firmicutes.D_2__Clostridia.D_3__Clostridiales.D_4__Lachnospiraceae.D_5__Lachnospiraceae.UCG.004"	"Day"	-0.492969386923857	0.447112163846888	0.745613965994958	"abundance"
"D_0__Bacteria.D_1__Firmicutes.D_2__Clostridia.D_3__Clostridiales.D_4__Lachnospiraceae.D_5__Lachnospiraceae.UCG.004"	"DietKeto"	-1.38487873106095	0.619368330711464	0.788928155984798	"abundance"
"D_0__Bacteria.D_1__Firmicutes.D_2__Clostridia.D_3__Clostridiales.D_4__Lachnospiraceae.D_5__Lachnospiraceae.UCG.006"	"Day"	-1.95420250929128	0.0101519215565813	0.0524122461758383	"abundance"
"D_0__Bacteria.D_1__Firmicutes.D_2__Clostridia.D_3__Clostridiales.D_4__Lachnospiraceae.D_5__Lachnospiraceae.UCG.006"	"DietKeto"	-3.21909357262656	0.401374075077129	0.712840357336981	"abundance"
"D_0__Bacteria.D_1__Firmicutes.D_2__Clostridia.D_3__Clostridiales.D_4__Lachnospiraceae.D_5__Lachnospiraceae.UCG.010"	"Day"	-0.467734905782454	0.452800183139473	0.745613965994958	"abundance"
"D_0__Bacteria.D_1__Firmicutes.D_2__Clostridia.D_3__Clostridiales.D_4__Lachnospiraceae.D_5__Lachnospiraceae.UCG.010"	"DietKeto"	0.201765043957828	0.746375183051534	0.791527961764725	"abundance"
"D_0__Bacteria.D_1__Firmicutes.D_2__Clostridia.D_3__Clostridiales.D_4__Lachnospiraceae.D_5__Marvinbryantia"	"Day"	-1.6836308752672	0.000461443820086747	0.00445393600257643	"abundance"
"D_0__Bacteria.D_1__Firmicutes.D_2__Clostridia.D_3__Clostridiales.D_4__Lachnospiraceae.D_5__Marvinbryantia"	"DietKeto"	-3.8038519743905	0.106219825157609	0.272778388182002	"abundance"
"D_0__Bacteria.D_1__Firmicutes.D_2__Clostridia.D_3__Clostridiales.D_4__Lachnospiraceae.D_5__Roseburia"	"Day"	-1.53361169071379	0.00233860156908007	0.0185417695834206	"abundance"
"D_0__Bacteria.D_1__Firmicutes.D_2__Clostridia.D_3__Clostridiales.D_4__Lachnospiraceae.D_5__Roseburia"	"DietKeto"	-3.66705019321934	0.170076188877328	0.389246535368729	"abundance"
"D_0__Bacteria.D_1__Firmicutes.D_2__Clostridia.D_3__Clostridiales.D_4__Lachnospiraceae.D_5__Tyzzerella"	"Day"	0.921565790891305	0.0286423386740585	0.119973569540396	"abundance"
"D_0__Bacteria.D_1__Firmicutes.D_2__Clostridia.D_3__Clostridiales.D_4__Lachnospiraceae.D_5__Tyzzerella"	"DietKeto"	-2.05397996167681	0.330333487897012	0.62147486706048	"abundance"
"D_0__Bacteria.D_1__Firmicutes.D_2__Clostridia.D_3__Clostridiales.D_4__Lachnospiraceae.D_5__Tyzzerella.3"	"Day"	-2.01773035147095	0.00882440213484533	0.047427609999845	"abundance"
"D_0__Bacteria.D_1__Firmicutes.D_2__Clostridia.D_3__Clostridiales.D_4__Lachnospiraceae.D_5__Tyzzerella.3"	"DietKeto"	0.139223812265108	0.809727259347809	0.825388333921478	"abundance"
"D_0__Bacteria.D_1__Firmicutes.D_2__Clostridia.D_3__Clostridiales.D_4__Lachnospiraceae.D_5__uncultured"	"Day"	-0.926665111177121	0.0058280068980168	0.0340478297726245	"abundance"
"D_0__Bacteria.D_1__Firmicutes.D_2__Clostridia.D_3__Clostridiales.D_4__Lachnospiraceae.D_5__uncultured"	"DietKeto"	-1.34938216918518	0.453413898240177	0.745613965994958	"abundance"
"D_0__Bacteria.D_1__Firmicutes.D_2__Clostridia.D_3__Clostridiales.D_4__Peptococcaceae.D_5__Peptococcus"	"Day"	0.106167562523093	0.739175929931703	0.788928155984798	"abundance"
"D_0__Bacteria.D_1__Firmicutes.D_2__Clostridia.D_3__Clostridiales.D_4__Peptococcaceae.D_5__Peptococcus"	"DietKeto"	-1.07322073907262	0.655693255820332	0.788928155984798	"abundance"
"D_0__Bacteria.D_1__Firmicutes.D_2__Clostridia.D_3__Clostridiales.D_4__Peptococcaceae.D_5__uncultured"	"Day"	-0.303857981492641	0.277123394431026	0.564416454712731	"abundance"
"D_0__Bacteria.D_1__Firmicutes.D_2__Clostridia.D_3__Clostridiales.D_4__Peptococcaceae.D_5__uncultured"	"DietKeto"	-0.996811390176541	0.504592228909854	0.772548102193017	"abundance"
"D_0__Bacteria.D_1__Firmicutes.D_2__Clostridia.D_3__Clostridiales.D_4__Peptostreptococcaceae.D_5__Romboutsia"	"Day"	3.14850695800707	0.00000803911679114313	0.000198298214181531	"abundance"
"D_0__Bacteria.D_1__Firmicutes.D_2__Clostridia.D_3__Clostridiales.D_4__Peptostreptococcaceae.D_5__Romboutsia"	"DietKeto"	4.05443852043369	0.220215123051483	0.479291738406169	"abundance"
"D_0__Bacteria.D_1__Firmicutes.D_2__Clostridia.D_3__Clostridiales.D_4__Ruminococcaceae.__"	"Day"	-0.655101364457424	0.0471878821352102	0.1829823627201	"abundance"
"D_0__Bacteria.D_1__Firmicutes.D_2__Clostridia.D_3__Clostridiales.D_4__Ruminococcaceae.__"	"DietKeto"	-2.01530375061238	0.251621763632261	0.532000300251066	"abundance"
"D_0__Bacteria.D_1__Firmicutes.D_2__Clostridia.D_3__Clostridiales.D_4__Ruminococcaceae.D_5__.Eubacterium..coprostanoligenes.group"	"Day"	-1.75856978432531	0.00270739386650624	0.0193884334956253	"abundance"
"D_0__Bacteria.D_1__Firmicutes.D_2__Clostridia.D_3__Clostridiales.D_4__Ruminococcaceae.D_5__.Eubacterium..coprostanoligenes.group"	"DietKeto"	1.7033553741218	0.580300708206823	0.788928155984798	"abundance"
"D_0__Bacteria.D_1__Firmicutes.D_2__Clostridia.D_3__Clostridiales.D_4__Ruminococcaceae.D_5__Anaerotruncus"	"Day"	-1.37431683164165	0.00799941342884149	0.0455351225949438	"abundance"
"D_0__Bacteria.D_1__Firmicutes.D_2__Clostridia.D_3__Clostridiales.D_4__Ruminococcaceae.D_5__Anaerotruncus"	"DietKeto"	-4.39048920716464	0.0922702598023827	0.251429057180846	"abundance"
"D_0__Bacteria.D_1__Firmicutes.D_2__Clostridia.D_3__Clostridiales.D_4__Ruminococcaceae.D_5__Butyricicoccus"	"Day"	-2.5283782202428	0.00074289426555558	0.00659690107813355	"abundance"
"D_0__Bacteria.D_1__Firmicutes.D_2__Clostridia.D_3__Clostridiales.D_4__Ruminococcaceae.D_5__Butyricicoccus"	"DietKeto"	-3.83103417915437	0.313417710181541	0.610339751406158	"abundance"
"D_0__Bacteria.D_1__Firmicutes.D_2__Clostridia.D_3__Clostridiales.D_4__Ruminococcaceae.D_5__Candidatus.Soleaferrea"	"Day"	-0.388587269939545	0.489234337273763	0.759510649473954	"abundance"
"D_0__Bacteria.D_1__Firmicutes.D_2__Clostridia.D_3__Clostridiales.D_4__Ruminococcaceae.D_5__Candidatus.Soleaferrea"	"DietKeto"	-1.78099360808152	0.554073074209504	0.788928155984798	"abundance"
"D_0__Bacteria.D_1__Firmicutes.D_2__Clostridia.D_3__Clostridiales.D_4__Ruminococcaceae.D_5__GCA.900066225"	"Day"	-0.910869225181147	0.129336377262401	0.320767806853316	"abundance"
"D_0__Bacteria.D_1__Firmicutes.D_2__Clostridia.D_3__Clostridiales.D_4__Ruminococcaceae.D_5__GCA.900066225"	"DietKeto"	-1.35794846707367	0.596446449279323	0.788928155984798	"abundance"
"D_0__Bacteria.D_1__Firmicutes.D_2__Clostridia.D_3__Clostridiales.D_4__Ruminococcaceae.D_5__Harryflintia"	"Day"	-0.935685138826037	0.176554856781817	0.399950798015952	"abundance"
"D_0__Bacteria.D_1__Firmicutes.D_2__Clostridia.D_3__Clostridiales.D_4__Ruminococcaceae.D_5__Harryflintia"	"DietKeto"	-3.81151008350364	0.310306771900644	0.610339751406158	"abundance"
"D_0__Bacteria.D_1__Firmicutes.D_2__Clostridia.D_3__Clostridiales.D_4__Ruminococcaceae.D_5__Intestinimonas"	"Day"	-2.13708595857577	0.00897279108105176	0.047427609999845	"abundance"
"D_0__Bacteria.D_1__Firmicutes.D_2__Clostridia.D_3__Clostridiales.D_4__Ruminococcaceae.D_5__Intestinimonas"	"DietKeto"	0.993118071722869	0.721151255627533	0.788928155984798	"abundance"
"D_0__Bacteria.D_1__Firmicutes.D_2__Clostridia.D_3__Clostridiales.D_4__Ruminococcaceae.D_5__Negativibacillus"	"Day"	-1.2102203428845	0.096666000285529	0.258552434498644	"abundance"
"D_0__Bacteria.D_1__Firmicutes.D_2__Clostridia.D_3__Clostridiales.D_4__Ruminococcaceae.D_5__Negativibacillus"	"DietKeto"	-0.393705553396347	0.734235695977215	0.788928155984798	"abundance"
"D_0__Bacteria.D_1__Firmicutes.D_2__Clostridia.D_3__Clostridiales.D_4__Ruminococcaceae.D_5__Oscillibacter"	"Day"	-0.980205583125393	0.00216885960213818	0.0178328456175806	"abundance"
"D_0__Bacteria.D_1__Firmicutes.D_2__Clostridia.D_3__Clostridiales.D_4__Ruminococcaceae.D_5__Oscillibacter"	"DietKeto"	-2.48550119056735	0.142378106528038	0.343564561404613	"abundance"
"D_0__Bacteria.D_1__Firmicutes.D_2__Clostridia.D_3__Clostridiales.D_4__Ruminococcaceae.D_5__Papillibacter"	"Day"	-0.468312285544443	0.45167049865836	0.745613965994958	"abundance"
"D_0__Bacteria.D_1__Firmicutes.D_2__Clostridia.D_3__Clostridiales.D_4__Ruminococcaceae.D_5__Papillibacter"	"DietKeto"	-1.00108091972624	0.624381762233411	0.788928155984798	"abundance"
"D_0__Bacteria.D_1__Firmicutes.D_2__Clostridia.D_3__Clostridiales.D_4__Ruminococcaceae.D_5__Ruminiclostridium"	"Day"	-0.263892530023712	0.381306386963687	0.688211527690557	"abundance"
"D_0__Bacteria.D_1__Firmicutes.D_2__Clostridia.D_3__Clostridiales.D_4__Ruminococcaceae.D_5__Ruminiclostridium"	"DietKeto"	-1.70271963941925	0.317491755304488	0.612897127631272	"abundance"
"D_0__Bacteria.D_1__Firmicutes.D_2__Clostridia.D_3__Clostridiales.D_4__Ruminococcaceae.D_5__Ruminiclostridium.1"	"Day"	-0.229556678315836	0.571310176945533	0.788928155984798	"abundance"
"D_0__Bacteria.D_1__Firmicutes.D_2__Clostridia.D_3__Clostridiales.D_4__Ruminococcaceae.D_5__Ruminiclostridium.1"	"DietKeto"	-0.729139667092025	0.66448535638243	0.788928155984798	"abundance"
"D_0__Bacteria.D_1__Firmicutes.D_2__Clostridia.D_3__Clostridiales.D_4__Ruminococcaceae.D_5__Ruminiclostridium.5"	"Day"	-0.651372222399362	0.0482025633830321	0.1829823627201	"abundance"
"D_0__Bacteria.D_1__Firmicutes.D_2__Clostridia.D_3__Clostridiales.D_4__Ruminococcaceae.D_5__Ruminiclostridium.5"	"DietKeto"	-4.17372857375021	0.0177756603468121	0.0839616297232402	"abundance"
"D_0__Bacteria.D_1__Firmicutes.D_2__Clostridia.D_3__Clostridiales.D_4__Ruminococcaceae.D_5__Ruminiclostridium.6"	"Day"	-1.7341331671633	0.019328023875284	0.086226353882867	"abundance"
"D_0__Bacteria.D_1__Firmicutes.D_2__Clostridia.D_3__Clostridiales.D_4__Ruminococcaceae.D_5__Ruminiclostridium.6"	"DietKeto"	3.34024543143044	0.392579555740473	0.702844043341815	"abundance"
"D_0__Bacteria.D_1__Firmicutes.D_2__Clostridia.D_3__Clostridiales.D_4__Ruminococcaceae.D_5__Ruminiclostridium.9"	"Day"	-0.449489979466656	0.130041002778371	0.320767806853316	"abundance"
"D_0__Bacteria.D_1__Firmicutes.D_2__Clostridia.D_3__Clostridiales.D_4__Ruminococcaceae.D_5__Ruminiclostridium.9"	"DietKeto"	-0.700424673459167	0.670324025040406	0.788928155984798	"abundance"
"D_0__Bacteria.D_1__Firmicutes.D_2__Clostridia.D_3__Clostridiales.D_4__Ruminococcaceae.D_5__Ruminococcaceae.NK4A214.group"	"Day"	-0.941757369479876	0.0900424340387689	0.249867754457584	"abundance"
"D_0__Bacteria.D_1__Firmicutes.D_2__Clostridia.D_3__Clostridiales.D_4__Ruminococcaceae.D_5__Ruminococcaceae.NK4A214.group"	"DietKeto"	0.291480228375349	0.748742666534199	0.791527961764725	"abundance"
"D_0__Bacteria.D_1__Firmicutes.D_2__Clostridia.D_3__Clostridiales.D_4__Ruminococcaceae.D_5__Ruminococcaceae.UCG.004"	"Day"	0.104042543525764	0.729059207885615	0.788928155984798	"abundance"
"D_0__Bacteria.D_1__Firmicutes.D_2__Clostridia.D_3__Clostridiales.D_4__Ruminococcaceae.D_5__Ruminococcaceae.UCG.004"	"DietKeto"	3.08587344962137	0.326806180227464	0.621416280604767	"abundance"
"D_0__Bacteria.D_1__Firmicutes.D_2__Clostridia.D_3__Clostridiales.D_4__Ruminococcaceae.D_5__Ruminococcaceae.UCG.005"	"Day"	-1.01761620916177	0.0839038378099978	0.245087526234467	"abundance"
"D_0__Bacteria.D_1__Firmicutes.D_2__Clostridia.D_3__Clostridiales.D_4__Ruminococcaceae.D_5__Ruminococcaceae.UCG.005"	"DietKeto"	0.400151491832087	0.72305151006976	0.788928155984798	"abundance"
"D_0__Bacteria.D_1__Firmicutes.D_2__Clostridia.D_3__Clostridiales.D_4__Ruminococcaceae.D_5__Ruminococcaceae.UCG.009"	"Day"	-1.22022332803737	0.013863663933369	0.0670995448858873	"abundance"
"D_0__Bacteria.D_1__Firmicutes.D_2__Clostridia.D_3__Clostridiales.D_4__Ruminococcaceae.D_5__Ruminococcaceae.UCG.009"	"DietKeto"	-1.68496868715444	0.458510624219289	0.748451166005016	"abundance"
"D_0__Bacteria.D_1__Firmicutes.D_2__Clostridia.D_3__Clostridiales.D_4__Ruminococcaceae.D_5__Ruminococcaceae.UCG.010"	"Day"	0.916777654791159	0.0502159843944632	0.1829823627201	"abundance"
"D_0__Bacteria.D_1__Firmicutes.D_2__Clostridia.D_3__Clostridiales.D_4__Ruminococcaceae.D_5__Ruminococcaceae.UCG.010"	"DietKeto"	5.50258878485615	0.0767307633380126	0.237511056560001	"abundance"
"D_0__Bacteria.D_1__Firmicutes.D_2__Clostridia.D_3__Clostridiales.D_4__Ruminococcaceae.D_5__Ruminococcaceae.UCG.013"	"Day"	-1.11098470038801	0.054099017544153	0.190634633250825	"abundance"
"D_0__Bacteria.D_1__Firmicutes.D_2__Clostridia.D_3__Clostridiales.D_4__Ruminococcaceae.D_5__Ruminococcaceae.UCG.013"	"DietKeto"	2.25138048952825	0.485942407121527	0.759510649473954	"abundance"
"D_0__Bacteria.D_1__Firmicutes.D_2__Clostridia.D_3__Clostridiales.D_4__Ruminococcaceae.D_5__Ruminococcaceae.UCG.014"	"Day"	-1.30800404065514	0.000002038424755723	0.0000646471851100721	"abundance"
"D_0__Bacteria.D_1__Firmicutes.D_2__Clostridia.D_3__Clostridiales.D_4__Ruminococcaceae.D_5__Ruminococcaceae.UCG.014"	"DietKeto"	-2.29980446424524	0.0770306129383788	0.237511056560001	"abundance"
"D_0__Bacteria.D_1__Firmicutes.D_2__Clostridia.D_3__Clostridiales.D_4__Ruminococcaceae.D_5__Ruminococcus.1"	"Day"	-3.25169478576169	0.0000058945734016224	0.000163574411895022	"abundance"
"D_0__Bacteria.D_1__Firmicutes.D_2__Clostridia.D_3__Clostridiales.D_4__Ruminococcaceae.D_5__Ruminococcus.1"	"DietKeto"	1.14238326107821	0.651651122519732	0.788928155984798	"abundance"
"D_0__Bacteria.D_1__Firmicutes.D_2__Clostridia.D_3__Clostridiales.D_4__Ruminococcaceae.D_5__UBA1819"	"Day"	-0.0870834997325469	0.764528261140358	0.804385184706917	"abundance"
"D_0__Bacteria.D_1__Firmicutes.D_2__Clostridia.D_3__Clostridiales.D_4__Ruminococcaceae.D_5__UBA1819"	"DietKeto"	-2.51803346191033	0.343091209236467	0.640052507987359	"abundance"
"D_0__Bacteria.D_1__Firmicutes.D_2__Clostridia.D_3__Clostridiales.D_4__Ruminococcaceae.D_5__uncultured"	"Day"	-0.138454558378489	0.702276241533488	0.788928155984798	"abundance"
"D_0__Bacteria.D_1__Firmicutes.D_2__Clostridia.D_3__Clostridiales.D_4__Ruminococcaceae.D_5__uncultured"	"DietKeto"	-0.605150779613101	0.785809684080887	0.82265645101989	"abundance"
"D_0__Bacteria.D_1__Firmicutes.D_2__Clostridia.D_3__DTU014.D_4__uncultured.bacterium.D_5__uncultured.bacterium"	"Day"	-0.289547920459583	0.54504103631859	0.788928155984798	"abundance"
"D_0__Bacteria.D_1__Firmicutes.D_2__Clostridia.D_3__DTU014.D_4__uncultured.bacterium.D_5__uncultured.bacterium"	"DietKeto"	-1.02178498959243	0.620814375798019	0.788928155984798	"abundance"
"D_0__Bacteria.D_1__Firmicutes.D_2__Erysipelotrichia.D_3__Erysipelotrichales.D_4__Erysipelotrichaceae.D_5__Erysipelatoclostridium"	"Day"	-0.564790461458988	0.0329419759310163	0.13296579375792	"abundance"
"D_0__Bacteria.D_1__Firmicutes.D_2__Erysipelotrichia.D_3__Erysipelotrichales.D_4__Erysipelotrichaceae.D_5__Erysipelatoclostridium"	"DietKeto"	-1.40785928855107	0.311533045679094	0.610339751406158	"abundance"
"D_0__Bacteria.D_1__Firmicutes.D_2__Erysipelotrichia.D_3__Erysipelotrichales.D_4__Erysipelotrichaceae.D_5__Faecalibaculum"	"Day"	3.04111791192687	1.37021984129266e-11	0.0000000030418880476697	"abundance"
"D_0__Bacteria.D_1__Firmicutes.D_2__Erysipelotrichia.D_3__Erysipelotrichales.D_4__Erysipelotrichaceae.D_5__Faecalibaculum"	"DietKeto"	-0.358181210738132	0.833446811773391	0.837218064315352	"abundance"
"D_0__Bacteria.D_1__Firmicutes.D_2__Erysipelotrichia.D_3__Erysipelotrichales.D_4__Erysipelotrichaceae.D_5__Turicibacter"	"Day"	0.0988091190403587	0.738957789274392	0.788928155984798	"abundance"
"D_0__Bacteria.D_1__Firmicutes.D_2__Erysipelotrichia.D_3__Erysipelotrichales.D_4__Erysipelotrichaceae.D_5__Turicibacter"	"DietKeto"	-1.24974968627868	0.652070884082977	0.788928155984798	"abundance"
"D_0__Bacteria.D_1__Firmicutes.D_2__Erysipelotrichia.D_3__Erysipelotrichales.D_4__Erysipelotrichaceae.D_5__uncultured"	"Day"	-2.73116615453684	0.000158114498684421	0.00206478933576126	"abundance"
"D_0__Bacteria.D_1__Firmicutes.D_2__Erysipelotrichia.D_3__Erysipelotrichales.D_4__Erysipelotrichaceae.D_5__uncultured"	"DietKeto"	-1.87287039193442	0.517693629311828	0.784034977911841	"abundance"
"D_0__Bacteria.D_1__Firmicutes.D_2__Erysipelotrichia.D_3__Erysipelotrichales.D_4__Erysipelotrichaceae.D_5__uncultured.bacterium"	"Day"	-1.28151121994113	0.0658242450490324	0.215718959150362	"abundance"
"D_0__Bacteria.D_1__Firmicutes.D_2__Erysipelotrichia.D_3__Erysipelotrichales.D_4__Erysipelotrichaceae.D_5__uncultured.bacterium"	"DietKeto"	-1.70348407874725	0.554949008601872	0.788928155984798	"abundance"
"D_0__Bacteria.D_1__Proteobacteria.D_2__Alphaproteobacteria.D_3__Rickettsiales.D_4__Mitochondria.__"	"Day"	-0.455686698424112	0.443674256788921	0.745613965994958	"abundance"
"D_0__Bacteria.D_1__Proteobacteria.D_2__Alphaproteobacteria.D_3__Rickettsiales.D_4__Mitochondria.__"	"DietKeto"	-1.6497221464448	0.55275903037277	0.788928155984798	"abundance"
"D_0__Bacteria.D_1__Proteobacteria.D_2__Deltaproteobacteria.D_3__Desulfovibrionales.D_4__Desulfovibrionaceae.D_5__uncultured"	"Day"	0.871031996077537	0.056035677944209	0.194373757868975	"abundance"
"D_0__Bacteria.D_1__Proteobacteria.D_2__Deltaproteobacteria.D_3__Desulfovibrionales.D_4__Desulfovibrionaceae.D_5__uncultured"	"DietKeto"	-0.882412522719707	0.709924742884642	0.788928155984798	"abundance"
"D_0__Bacteria.D_1__Proteobacteria.D_2__Gammaproteobacteria.D_3__Betaproteobacteriales.D_4__Burkholderiaceae.D_5__Parasutterella"	"Day"	0.208989028722388	0.725054511016194	0.788928155984798	"abundance"
"D_0__Bacteria.D_1__Proteobacteria.D_2__Gammaproteobacteria.D_3__Betaproteobacteriales.D_4__Burkholderiaceae.D_5__Parasutterella"	"DietKeto"	1.29156394945907	0.711998848000796	0.788928155984798	"abundance"
"D_0__Bacteria.D_1__Proteobacteria.D_2__Gammaproteobacteria.D_3__Enterobacteriales.D_4__Enterobacteriaceae.D_5__Escherichia.Shigella"	"Day"	-1.3667249382884	0.0720787353013642	0.228592560527184	"abundance"
"D_0__Bacteria.D_1__Proteobacteria.D_2__Gammaproteobacteria.D_3__Enterobacteriales.D_4__Enterobacteriaceae.D_5__Escherichia.Shigella"	"DietKeto"	0.939378039180153	0.725106143058218	0.788928155984798	"abundance"
"D_0__Bacteria.D_1__Tenericutes.D_2__Mollicutes.D_3__Anaeroplasmatales.D_4__Anaeroplasmataceae.D_5__Anaeroplasma"	"Day"	-1.15285025727211	0.106899638611866	0.272778388182002	"abundance"
"D_0__Bacteria.D_1__Tenericutes.D_2__Mollicutes.D_3__Anaeroplasmatales.D_4__Anaeroplasmataceae.D_5__Anaeroplasma"	"DietKeto"	4.35736847299696	0.28478908274113	0.574756148804826	"abundance"
"D_0__Bacteria.D_1__Tenericutes.D_2__Mollicutes.D_3__Mollicutes.RF39.__.__"	"Day"	-1.68983092603806	0.00250702090303481	0.0191916772577148	"abundance"
"D_0__Bacteria.D_1__Tenericutes.D_2__Mollicutes.D_3__Mollicutes.RF39.__.__"	"DietKeto"	-4.94703788845966	0.0358098876417098	0.141960626008207	"abundance"
"D_0__Bacteria.D_1__Tenericutes.D_2__Mollicutes.D_3__Mollicutes.RF39.D_4__gut.metagenome.D_5__gut.metagenome"	"Day"	-0.347036870851033	0.503824700041122	0.772548102193017	"abundance"
"D_0__Bacteria.D_1__Tenericutes.D_2__Mollicutes.D_3__Mollicutes.RF39.D_4__gut.metagenome.D_5__gut.metagenome"	"DietKeto"	-1.17129384574537	0.628314453290807	0.788928155984798	"abundance"
"D_0__Bacteria.D_1__Tenericutes.D_2__Mollicutes.D_3__Mollicutes.RF39.D_4__uncultured.bacterium.D_5__uncultured.bacterium"	"Day"	-2.72481353290264	0.000108343199904029	0.00153696971804963	"abundance"
"D_0__Bacteria.D_1__Tenericutes.D_2__Mollicutes.D_3__Mollicutes.RF39.D_4__uncultured.bacterium.D_5__uncultured.bacterium"	"DietKeto"	-5.33534196026612	0.0885088063778997	0.248720949568275	"abundance"
"D_0__Bacteria.D_1__Tenericutes.D_2__Mollicutes.D_3__Mollicutes.RF39.D_4__uncultured.Erysipelotrichia.bacterium.D_5__uncultured.Erysipelotrichia.bacterium"	"Day"	-0.148488959247656	0.663518711146072	0.788928155984798	"abundance"
"D_0__Bacteria.D_1__Tenericutes.D_2__Mollicutes.D_3__Mollicutes.RF39.D_4__uncultured.Erysipelotrichia.bacterium.D_5__uncultured.Erysipelotrichia.bacterium"	"DietKeto"	-0.918265099420999	0.622326013327405	0.788928155984798	"abundance"
"D_0__Bacteria.D_1__Tenericutes.D_2__Mollicutes.D_3__Mollicutes.RF39.D_4__uncultured.Firmicutes.bacterium.D_5__uncultured.Firmicutes.bacterium"	"Day"	-0.494473415524045	0.41572370805041	0.726698135332212	"abundance"
"D_0__Bacteria.D_1__Tenericutes.D_2__Mollicutes.D_3__Mollicutes.RF39.D_4__uncultured.Firmicutes.bacterium.D_5__uncultured.Firmicutes.bacterium"	"DietKeto"	-3.73289274301933	0.290977675759564	0.581955351519128	"abundance"
"D_0__Bacteria.D_1__Tenericutes.D_2__Mollicutes.D_3__Mollicutes.RF39.D_4__uncultured.Lachnospiraceae.bacterium.D_5__uncultured.Lachnospiraceae.bacterium"	"Day"	-0.0819823826602433	0.793060953286391	0.822708091727004	"abundance"
"D_0__Bacteria.D_1__Tenericutes.D_2__Mollicutes.D_3__Mollicutes.RF39.D_4__uncultured.Lachnospiraceae.bacterium.D_5__uncultured.Lachnospiraceae.bacterium"	"DietKeto"	5.6507694437146	0.087868473473906	0.248720949568275	"abundance"
"D_0__Bacteria.D_1__Tenericutes.D_2__Mollicutes.D_3__Mollicutes.RF39.D_4__unidentified.D_5__unidentified"	"Day"	-1.28195284164893	0.0697009362972147	0.22425518634756	"abundance"
"D_0__Bacteria.D_1__Tenericutes.D_2__Mollicutes.D_3__Mollicutes.RF39.D_4__unidentified.D_5__unidentified"	"DietKeto"	-0.928553212277299	0.65210862627769	0.788928155984798	"abundance"
"D_0__Bacteria.D_1__Verrucomicrobia.D_2__Verrucomicrobiae.D_3__Verrucomicrobiales.D_4__Akkermansiaceae.D_5__Akkermansia"	"Day"	1.74651228996746	0.0000216845317953349	0.00037598511496001	"abundance"
"D_0__Bacteria.D_1__Verrucomicrobia.D_2__Verrucomicrobiae.D_3__Verrucomicrobiales.D_4__Akkermansiaceae.D_5__Akkermansia"	"DietKeto"	7.70692228025615	0.00073036094769356	0.00659690107813355	"abundance"
